{
    "results": {
        "tool": {
            "name": "pytest",
            "version": "8.4.1"
        },
        "summary": {
            "tests": 2,
            "passed": 2,
            "failed": 0,
            "skipped": 0,
            "pending": 0,
            "other": 0,
            "start": 1778376808.7285733,
            "stop": 1778376808.7683117
        },
        "tests": [
            {
                "name": "test_outputs.py::test_summary_file_exists",
                "status": "passed",
                "duration": 0.0005408459110185504,
                "start": 1778376808.7665017,
                "stop": 1778376808.767321,
                "retries": 0,
                "file_path": "test_outputs.py"
            },
            {
                "name": "test_outputs.py::test_summary_structure_and_counts",
                "status": "passed",
                "duration": 0.0004639130784198642,
                "start": 1778376808.7675374,
                "stop": 1778376808.7681468,
                "retries": 0,
                "file_path": "test_outputs.py"
            }
        ]
    }
}