{
    "results": {
        "tool": {
            "name": "pytest",
            "version": "8.4.1"
        },
        "summary": {
            "tests": 1,
            "passed": 1,
            "failed": 0,
            "skipped": 0,
            "pending": 0,
            "other": 0,
            "start": 1778598225.0169184,
            "stop": 1778598225.0351799
        },
        "tests": [
            {
                "name": "test_outputs.py::test_json_data",
                "status": "passed",
                "duration": 0.0006333329947665334,
                "start": 1778598225.0341012,
                "stop": 1778598225.0349865,
                "retries": 0,
                "file_path": "test_outputs.py"
            }
        ]
    }
}