{
    "results": {
        "tool": {
            "name": "pytest",
            "version": "8.4.1"
        },
        "summary": {
            "tests": 1,
            "passed": 1,
            "failed": 0,
            "skipped": 0,
            "pending": 0,
            "other": 0,
            "start": 1778379683.5687118,
            "stop": 1778379687.1835315
        },
        "tests": [
            {
                "name": "test_outputs.py::test_interp",
                "status": "passed",
                "duration": 3.5892302679130808,
                "start": 1778379683.5937073,
                "stop": 1778379687.1832979,
                "retries": 0,
                "file_path": "test_outputs.py"
            }
        ]
    }
}