{
    "results": {
        "tool": {
            "name": "pytest",
            "version": "8.4.1"
        },
        "summary": {
            "tests": 2,
            "passed": 2,
            "failed": 0,
            "skipped": 0,
            "pending": 0,
            "other": 0,
            "start": 1778594059.2678475,
            "stop": 1778594059.3047266
        },
        "tests": [
            {
                "name": "test_outputs.py::test_about_file",
                "status": "passed",
                "duration": 0.0006380870181601495,
                "start": 1778594059.3024611,
                "stop": 1778594059.3033822,
                "retries": 0,
                "file_path": "test_outputs.py"
            },
            {
                "name": "test_outputs.py::test_layout_file",
                "status": "passed",
                "duration": 0.0006387350149452686,
                "start": 1778594059.3036377,
                "stop": 1778594059.304489,
                "retries": 0,
                "file_path": "test_outputs.py"
            }
        ]
    }
}