{
    "results": {
        "tool": {
            "name": "pytest",
            "version": "8.4.1"
        },
        "summary": {
            "tests": 2,
            "passed": 2,
            "failed": 0,
            "skipped": 0,
            "pending": 0,
            "other": 0,
            "start": 1778379416.0991094,
            "stop": 1778379416.1255262
        },
        "tests": [
            {
                "name": "test_outputs.py::test_about_file",
                "status": "passed",
                "duration": 0.002480059862136841,
                "start": 1778379416.1210883,
                "stop": 1778379416.123865,
                "retries": 0,
                "file_path": "test_outputs.py"
            },
            {
                "name": "test_outputs.py::test_layout_file",
                "status": "passed",
                "duration": 0.0010830429382622242,
                "start": 1778379416.1241078,
                "stop": 1778379416.1253502,
                "retries": 0,
                "file_path": "test_outputs.py"
            }
        ]
    }
}