{
    "results": {
        "tool": {
            "name": "pytest",
            "version": "8.4.1"
        },
        "summary": {
            "tests": 1,
            "passed": 1,
            "failed": 0,
            "skipped": 0,
            "pending": 0,
            "other": 0,
            "start": 1778598789.9945776,
            "stop": 1778598790.063715
        },
        "tests": [
            {
                "name": "test_outputs.py::test_primers",
                "status": "passed",
                "duration": 0.0025174180045723915,
                "start": 1778598790.0608113,
                "stop": 1778598790.0635512,
                "retries": 0,
                "file_path": "test_outputs.py"
            }
        ]
    }
}