{
    "results": {
        "tool": {
            "name": "pytest",
            "version": "8.4.1"
        },
        "summary": {
            "tests": 2,
            "passed": 2,
            "failed": 0,
            "skipped": 0,
            "pending": 0,
            "other": 0,
            "start": 1778381475.3856063,
            "stop": 1778381475.9668512
        },
        "tests": [
            {
                "name": "test_outputs.py::test_extract_js_exists",
                "status": "passed",
                "duration": 0.0004906120011582971,
                "start": 1778381475.4627383,
                "stop": 1778381475.4634562,
                "retries": 0,
                "file_path": "test_outputs.py"
            },
            {
                "name": "test_outputs.py::test_output_matches_reference",
                "status": "passed",
                "duration": 0.5027815159410238,
                "start": 1778381475.4636397,
                "stop": 1778381475.9666338,
                "retries": 0,
                "file_path": "test_outputs.py"
            }
        ]
    }
}