{
    "results": {
        "tool": {
            "name": "pytest",
            "version": "8.4.1"
        },
        "summary": {
            "tests": 1,
            "passed": 1,
            "failed": 0,
            "skipped": 0,
            "pending": 0,
            "other": 0,
            "start": 1778383932.2296789,
            "stop": 1778383932.2575912
        },
        "tests": [
            {
                "name": "test_outputs.py::test_json_data",
                "status": "passed",
                "duration": 0.0009163420181721449,
                "start": 1778383932.256113,
                "stop": 1778383932.2573786,
                "retries": 0,
                "file_path": "test_outputs.py"
            }
        ]
    }
}