{
    "results": {
        "tool": {
            "name": "pytest",
            "version": "8.4.1"
        },
        "summary": {
            "tests": 2,
            "passed": 2,
            "failed": 0,
            "skipped": 0,
            "pending": 0,
            "other": 0,
            "start": 1778381744.622172,
            "stop": 1778381744.6413922
        },
        "tests": [
            {
                "name": "test_outputs.py::test_output_file_exists",
                "status": "passed",
                "duration": 0.0005062881391495466,
                "start": 1778381744.6395376,
                "stop": 1778381744.640306,
                "retries": 0,
                "file_path": "test_outputs.py"
            },
            {
                "name": "test_outputs.py::test_output_is_correct",
                "status": "passed",
                "duration": 0.0005174299003556371,
                "start": 1778381744.640531,
                "stop": 1778381744.6412265,
                "retries": 0,
                "file_path": "test_outputs.py"
            }
        ]
    }
}