{
    "results": {
        "tool": {
            "name": "pytest",
            "version": "8.4.1"
        },
        "summary": {
            "tests": 1,
            "passed": 1,
            "failed": 0,
            "skipped": 0,
            "pending": 0,
            "other": 0,
            "start": 1778593473.8425276,
            "stop": 1778593473.877725
        },
        "tests": [
            {
                "name": "test_outputs.py::test_attack",
                "status": "passed",
                "duration": 0.0008580300200264901,
                "start": 1778593473.8761983,
                "stop": 1778593473.8775587,
                "retries": 0,
                "file_path": "test_outputs.py"
            }
        ]
    }
}