{
    "results": {
        "tool": {
            "name": "pytest",
            "version": "8.4.1"
        },
        "summary": {
            "tests": 2,
            "passed": 2,
            "failed": 0,
            "skipped": 0,
            "pending": 0,
            "other": 0,
            "start": 1778591757.343039,
            "stop": 1778591757.3631563
        },
        "tests": [
            {
                "name": "test_outputs.py::test_summary_file_exists",
                "status": "passed",
                "duration": 0.0005133240192662925,
                "start": 1778591757.3614275,
                "stop": 1778591757.3621879,
                "retries": 0,
                "file_path": "test_outputs.py"
            },
            {
                "name": "test_outputs.py::test_summary_structure_and_counts",
                "status": "passed",
                "duration": 0.00045788302668370306,
                "start": 1778591757.3623931,
                "stop": 1778591757.3629873,
                "retries": 0,
                "file_path": "test_outputs.py"
            }
        ]
    }
}