{
    "results": {
        "tool": {
            "name": "pytest",
            "version": "8.4.1"
        },
        "summary": {
            "tests": 2,
            "passed": 2,
            "failed": 0,
            "skipped": 0,
            "pending": 0,
            "other": 0,
            "start": 1778596334.9415977,
            "stop": 1778596334.959811
        },
        "tests": [
            {
                "name": "test_outputs.py::test_output_file_exists",
                "status": "passed",
                "duration": 0.00047232999349944293,
                "start": 1778596334.9581819,
                "stop": 1778596334.9588788,
                "retries": 0,
                "file_path": "test_outputs.py"
            },
            {
                "name": "test_outputs.py::test_output_is_correct",
                "status": "passed",
                "duration": 0.0004086709814146161,
                "start": 1778596334.9590967,
                "stop": 1778596334.9596577,
                "retries": 0,
                "file_path": "test_outputs.py"
            }
        ]
    }
}