{
    "results": {
        "tool": {
            "name": "pytest",
            "version": "8.4.1"
        },
        "summary": {
            "tests": 2,
            "passed": 2,
            "failed": 0,
            "skipped": 0,
            "pending": 0,
            "other": 0,
            "start": 1778377111.7366056,
            "stop": 1778377111.9132614
        },
        "tests": [
            {
                "name": "test_outputs.py::test_recovery_file_exists",
                "status": "passed",
                "duration": 0.0004927698755636811,
                "start": 1778377111.8795645,
                "stop": 1778377111.8802936,
                "retries": 0,
                "file_path": "test_outputs.py"
            },
            {
                "name": "test_outputs.py::test_password_match",
                "status": "passed",
                "duration": 0.01401936006732285,
                "start": 1778377111.8804896,
                "stop": 1778377111.8946352,
                "retries": 0,
                "file_path": "test_outputs.py"
            }
        ]
    }
}